recipe,ingredients
Spicy Kimchi Fried Rice,"['Cooked rice', 'Kimchi', 'Gochujang', 'Soy sauce', 'Sesame oil', 'Onion', 'Garlic', 'Egg', 'Scallions', 'Vegetable oil']"
Classic Margherita Pizza,"['Pizza dough', 'Tomato sauce', 'Fresh mozzarella', 'Basil', 'Olive oil', 'Salt', 'Pepper']"
Coconut Chickpea Curry,"['Chickpeas', 'Coconut milk', 'Onion', 'Ginger', 'Garlic', 'Turmeric', 'Cumin', 'Coriander', 'Garam masala', 'Vegetable oil', 'Spinach', 'Rice']"
Pad See Ew with Tofu,"['Wide rice noodles', 'Tofu', 'Chinese broccoli', 'Soy sauce', 'Sweet soy sauce', 'Oyster sauce (optional)', 'Garlic', 'Egg', 'Vegetable oil']"
Beef Bourguignon,"['Beef chuck', 'Red wine', 'Bacon', 'Onion', 'Carrots', 'Celery', 'Mushrooms', 'Beef broth', 'Thyme', 'Bay leaf', 'Olive oil', 'Flour']"
Chicken Enchiladas with Green Sauce,"['Chicken breast', 'Corn tortillas', 'Green salsa', 'Sour cream', 'Cheese', 'Onion', 'Garlic', 'Cilantro', 'Vegetable oil']"
Greek Lemon Herb Chicken and Potatoes,"['Chicken thighs', 'Potatoes', 'Lemon juice', 'Olive oil', 'Oregano', 'Rosemary', 'Garlic', 'Salt', 'Pepper']"
Swedish Meatballs with Cream Sauce,"['Ground beef', 'Breadcrumbs', 'Milk', 'Egg', 'Onion', 'Butter', 'Allspice', 'Nutmeg', 'Beef broth', 'Heavy cream', 'Parsley']"
Injera with Misir Wot,"['Injera (flatbread)', 'Red lentils', 'Onion', 'Garlic', 'Ginger', 'Berbere spice blend', 'Tomato paste', 'Vegetable oil']"
Jollof Rice with Chicken,"['Rice', 'Chicken', 'Tomato paste', 'Tomatoes', 'Onion', 'Scotch bonnet pepper', 'Vegetable oil', 'Curry powder', 'Thyme', 'Bay leaf']"
Peruvian Lomo Saltado,"['Beef sirloin', 'French fries', 'Onion', 'Tomato', 'Soy sauce', 'Vinegar', 'Aji amarillo paste', 'Cilantro', 'Vegetable oil', 'Rice']"
Argentinian Empanadas with Beef,"['Empanada dough', 'Ground beef', 'Onion', 'Bell pepper', 'Hard-boiled eggs', 'Olives', 'Spices', 'Egg wash']"
Australian Lamb Chops with Rosemary and Garlic,"['Lamb chops', 'Rosemary', 'Garlic', 'Olive oil', 'Salt', 'Pepper']"
Hawaiian Poi with Kalua Pig,"['Taro root (for poi)', 'Pork shoulder', 'Sea salt']"
Japanese Chicken Teriyaki with Steamed Broccoli,"['Chicken thighs', 'Teriyaki sauce', 'Soy sauce', 'Mirin', 'Sugar', 'Ginger', 'Garlic', 'Broccoli', 'Sesame seeds', 'Vegetable oil']"
Vietnamese Pho Bo (Beef Noodle Soup),"['Beef broth', 'Rice noodles', 'Beef sirloin (thinly sliced)', 'Onion', 'Scallions', 'Cilantro', 'Bean sprouts', 'Lime', 'Hoisin sauce', 'Sriracha', 'Star anise', 'Cinnamon stick', 'Cardamom pods']"
Spanish Paella with Seafood,"['Rice', 'Shrimp', 'Mussels', 'Clams', 'Chicken thighs', 'Chorizo', 'Onion', 'Bell peppers', 'Peas', 'Saffron', 'Olive oil', 'Chicken broth']"
Moroccan Tagine with Lamb and Apricots,"['Lamb shoulder', 'Dried apricots', 'Onion', 'Ginger', 'Cinnamon', 'Turmeric', 'Cumin', 'Coriander', 'Saffron', 'Almonds', 'Olive oil', 'Vegetable broth', 'Cilantro']"
Brazilian Feijoada (Black Bean Stew),"['Black beans', 'Smoked sausage', 'Dried beef', 'Pork ribs', 'Bacon', 'Onion', 'Garlic', 'Bay leaves', 'Orange slices', 'Rice', 'Collard greens']"
American Clam Chowder (New England Style),"['Clams', 'Potatoes', 'Onion', 'Celery', 'Bacon', 'Milk', 'Cream', 'Butter', 'Flour', 'Thyme', 'Parsley']"
Jamaican Jerk Chicken with Rice and Peas,"['Chicken thighs', 'Jerk seasoning', 'Soy sauce', 'Vinegar', 'Brown sugar', 'Scotch bonnet pepper', 'Thyme', 'Allspice', 'Onion', 'Garlic', 'Rice', 'Kidney beans', 'Coconut milk', 'Scallions', 'Vegetable oil']"
Lebanese Fattoush Salad,"['Romaine lettuce', 'Tomatoes', 'Cucumbers', 'Bell peppers', 'Radishes', 'Green onions', 'Parsley', 'Mint', 'Toasted pita bread', 'Olive oil', 'Lemon juice', 'Sumac', 'Garlic', 'Salt']"
Irish Shepherd's Pie,"['Ground lamb', 'Onion', 'Carrots', 'Celery', 'Peas', 'Beef broth', 'Worcestershire sauce', 'Thyme', 'Bay leaf', 'Mashed potatoes', 'Butter', 'Milk', 'Cheese (optional)']"
Argentine Chimichurri Steak with Roasted Vegetables,"['Steak (sirloin or ribeye)', 'Olive oil', 'Red wine vinegar', 'Parsley', 'Oregano', 'Garlic', 'Red pepper flakes', 'Salt', 'Pepper', 'Assorted vegetables (potatoes, carrots, zucchini, bell peppers)']"
Thai Green Curry with Shrimp,"['Green curry paste', 'Coconut milk', 'Shrimp', 'Bamboo shoots', 'Bell peppers', 'Thai basil', 'Fish sauce', 'Sugar', 'Vegetable oil', 'Lime leaves']"
Korean Bibimbap (Mixed Rice with Meat and Vegetables),"['Cooked rice', 'Ground beef', 'Spinach', 'Carrots', 'Cucumber', 'Shiitake mushrooms', 'Egg', 'Gochujang sauce', 'Sesame oil', 'Soy sauce', 'Garlic', 'Sesame seeds', 'Vegetable oil']"
Italian Risotto with Saffron and Parmesan,"['Arborio rice', 'Saffron threads', 'Chicken broth', 'Onion', 'White wine', 'Butter', 'Parmesan cheese', 'Olive oil', 'Salt', 'Pepper']"
Mexican Fish Tacos with Cabbage Slaw,"['White fish fillets', 'Corn tortillas', 'Shredded cabbage', 'Mayonnaise', 'Lime juice', 'Cilantro', 'Red onion', 'Chili powder', 'Cumin', 'Vegetable oil']"
French Onion Soup with Gruyere Croutons,"['Onions', 'Beef broth', 'Dry white wine', 'Butter', 'Olive oil', 'Thyme', 'Bay leaf', 'French bread slices', 'Gruyere cheese']"
Greek Spanakopita (Spinach and Feta Pie),"['Phyllo dough', 'Spinach', 'Feta cheese', 'Onion', 'Scallions', 'Eggs', 'Olive oil', 'Dill', 'Nutmeg', 'Salt', 'Pepper']"
Swedish Gravlax with Dill Sauce,"['Salmon fillet', 'Salt', 'Sugar', 'White pepper', 'Fresh dill', 'Lemon', 'Mustard', 'White wine vinegar', 'Olive oil']"
Ethiopian Doro Wat (Chicken Stew) with Hard-Boiled Eggs,"['Chicken pieces', 'Onion', 'Berbere spice blend', 'Ginger', 'Garlic', 'Tomato paste', 'Vegetable oil', 'Hard-boiled eggs']"
Nigerian Egusi Soup with Pounded Yam,"['Egusi seeds (melon seeds)', 'Palm oil', 'Onion', 'Bell peppers', 'Scotch bonnet pepper', 'Leafy greens (spinach or bitter leaf)', 'Fish or meat', 'Seasoning cubes', 'Pounded yam (for serving)']"
Peruvian Ceviche with Sweet Potato and Corn,"['White fish fillets', 'Lime juice', 'Red onion', 'Cilantro', 'Aji limo pepper', 'Sweet potato', 'Corn', 'Salt', 'Pepper']"
Argentinian Asado (Grilled Meats),"['Various cuts of beef (ribs, flank, chorizo)', 'Salt']"
Australian Barbecue Prawns with Garlic Butter,"['Prawns', 'Butter', 'Garlic', 'Parsley', 'Lemon juice', 'Salt', 'Pepper']"
Hawaiian Laulau (Pork Wrapped in Taro Leaves),"['Pork shoulder', 'Butterfish (optional)', 'Taro leaves', 'Ti leaves', 'Sea salt']"
Japanese Ramen with Pork Belly and Soft Egg,"['Pork broth', 'Ramen noodles', 'Pork belly (chashu)', 'Soy sauce egg (ajitsuke tamago)', 'Scallions', 'Nori seaweed', 'Soy sauce', 'Mirin', 'Garlic', 'Ginger', 'Sesame oil']"
Vietnamese Goi Cuon (Fresh Spring Rolls) with Peanut Sauce,"['Rice paper', 'Shrimp', 'Rice vermicelli', 'Lettuce', 'Mint', 'Cilantro', 'Bean sprouts', 'Peanut butter', 'Hoisin sauce', 'Lime juice', 'Water', 'Sugar', 'Garlic', 'Chili sauce']"
Spanish Gazpacho (Cold Tomato Soup),"['Ripe tomatoes', 'Cucumber', 'Bell pepper', 'Onion', 'Garlic', 'Olive oil', 'Sherry vinegar', 'Bread', 'Salt', 'Pepper']"
Moroccan Chicken Tagine with Olives and Preserved Lemons,"['Chicken pieces', 'Preserved lemons', 'Green olives', 'Onion', 'Ginger', 'Turmeric', 'Cumin', 'Coriander', 'Saffron', 'Olive oil', 'Chicken broth', 'Cilantro']"
Brazilian Moqueca (Seafood Stew with Coconut Milk),"['White fish fillets', 'Shrimp', 'Coconut milk', 'Onion', 'Bell peppers', 'Tomatoes', 'Garlic', 'Cilantro', 'Palm oil', 'Lime juice', 'Salt', 'Pepper']"
American Jambalaya with Chicken and Sausage,"['Rice', 'Chicken', 'Andouille sausage', 'Onion', 'Bell peppers', 'Celery', 'Tomatoes', 'Chicken broth', 'Creole seasoning', 'Bay leaf', 'Vegetable oil']"
Jamaican Ackee and Saltfish,"['Ackee', 'Salted codfish', 'Onion', 'Scallions', 'Scotch bonnet pepper', 'Tomato', 'Vegetable oil', 'Thyme', 'Black pepper']"
Lebanese Kibbeh (Baked Meat and Burghul Dish),"['Ground lamb or beef', 'Burghul (cracked wheat)', 'Onion', 'Spices (cinnamon, allspice)', 'Pine nuts', 'Olive oil']"
Irish Colcannon (Mashed Potatoes with Kale or Cabbage),"['Potatoes', 'Kale or cabbage', 'Butter', 'Milk or cream', 'Scallions', 'Salt', 'Pepper']"
Argentine Milanesa with Mashed Potatoes,"['Beef steak (thinly sliced)', 'Breadcrumbs', 'Eggs', 'Garlic', 'Parsley', 'Olive oil', 'Salt', 'Pepper', 'Potatoes', 'Milk', 'Butter']"
Thai Massaman Curry with Chicken and Potatoes,"['Massaman curry paste', 'Coconut milk', 'Chicken thighs', 'Potatoes', 'Onion', 'Peanuts', 'Fish sauce', 'Sugar', 'Tamarind paste', 'Bay leaves', 'Cardamom pods', 'Cinnamon stick', 'Vegetable oil']"
Korean Bulgogi (Marinated Grilled Beef),"['Beef sirloin (thinly sliced)', 'Soy sauce', 'Sugar', 'Sesame oil', 'Garlic', 'Ginger', 'Onion', 'Scallions', 'Sesame seeds', 'Vegetable oil']"
Mexican Pozole Rojo with Pork and Hominy,"['Pork shoulder', 'Hominy', 'Dried ancho chiles', 'Dried guajillo chiles', 'Onion', 'Garlic', 'Oregano', 'Cumin', 'Bay leaf', 'Cabbage', 'Radishes', 'Lime', 'Cilantro', 'Vegetable oil']"
French Ratatouille (Vegetable Stew),"['Eggplant', 'Zucchini', 'Bell peppers', 'Tomatoes', 'Onion', 'Garlic', 'Olive oil', 'Herbs de Provence', 'Salt', 'Pepper']"
Greek Moussaka (Eggplant and Meat Casserole),"['Eggplant', 'Ground lamb or beef', 'Onion', 'Garlic', 'Tomato paste', 'Red wine', 'Cinnamon', 'Allspice', 'Bay leaf', 'Bechamel sauce (milk, butter, flour, nutmeg, cheese)', 'Olive oil', 'Salt', 'Pepper']"
Swedish Kanelbullar (Cinnamon Buns),"['Wheat flour', 'Milk', 'Butter', 'Sugar', 'Yeast', 'Cinnamon', 'Cardamom', 'Egg (for wash)', 'Pearl sugar']"
Ethiopian Injera with Shiro Wot,"['Injera (flatbread)', 'Chickpea flour', 'Onion', 'Garlic', 'Ginger', 'Berbere spice blend', 'Vegetable oil']"
Nigerian Suya (Grilled Spicy Skewered Meat),"['Beef, chicken, or ram meat', 'Suya spice blend (ground peanuts, chili, ginger, other spices)', 'Vegetable oil', 'Onion', 'Tomatoes']"
Peruvian Aji de Gallina (Spicy Chicken Stew),"['Shredded chicken', 'Aji amarillo peppers', 'Walnuts', 'Bread', 'Milk', 'Onion', 'Garlic', 'Cheese', 'Olive oil', 'Rice', 'Potatoes', 'Olives', 'Hard-boiled eggs']"
Argentinian Locro (Hearty Stew with Corn and Beans),"['Dried white corn', 'Dried beans', 'Pork', 'Beef', 'Chorizo', 'Onion', 'Squash', 'Bacon', 'Spices', 'Vegetable broth']"
Australian Lamingtons (Sponge Cake with Chocolate and Coconut),"['Sponge cake', 'Chocolate sauce', 'Desiccated coconut', 'Jam (optional)']"
Hawaiian Poke Bowl with Tuna and Avocado,"['Sushi-grade tuna', 'Cooked rice', 'Soy sauce', 'Sesame oil', 'Seaweed', 'Avocado', 'Scallions', 'Sesame seeds', 'Ginger', 'Onion', 'Chili flakes']"
Japanese Okonomiyaki (Savory Pancake),"['Cabbage', 'Flour', 'Eggs', 'Water or dashi', 'Pork belly or shrimp (optional)', 'Okonomiyaki sauce', 'Japanese mayonnaise', 'Katsuobushi (bonito flakes)', 'Aonori (seaweed flakes)', 'Vegetable oil']"
Vietnamese Banh Mi (Sandwich),"['Baguette', 'Pate', 'Mayonnaise', 'Roast pork or grilled chicken', 'Pickled carrots and daikon', 'Cilantro', 'Jalapeño', 'Soy sauce']"
Spanish Tortilla Española (Spanish Omelette),"['Potatoes', 'Onions', 'Eggs', 'Olive oil', 'Salt', 'Pepper']"
Moroccan Harira Soup (Lentil and Tomato Soup),"['Lentils', 'Chickpeas', 'Tomatoes', 'Onion', 'Celery', 'Cilantro', 'Parsley', 'Vegetable broth', 'Spices (turmeric, cumin, ginger, cinnamon)', 'Lemon juice', 'Olive oil']"
Brazilian Pão de Queijo (Cheese Bread),"['Tapioca flour', 'Cheese (Minas or Parmesan)', 'Eggs', 'Milk', 'Vegetable oil', 'Salt']"
American Chili con Carne,"['Ground beef', 'Kidney beans', 'Diced tomatoes', 'Onion', 'Bell peppers', 'Chili powder', 'Cumin', 'Oregano', 'Beef broth', 'Garlic', 'Vegetable oil', 'Cheddar cheese (optional)', 'Sour cream (optional)']"
Jamaican Brown Stew Fish,"['Fish fillets (snapper or cod)', 'Onion', 'Bell peppers', 'Tomatoes', 'Scallions', 'Thyme', 'Brown sugar', 'Soy sauce', 'Vinegar', 'Butter', 'Vegetable oil', 'Okra (optional)']"
Lebanese Tabbouleh Salad,"['Parsley', 'Bulgur (cracked wheat)', 'Tomatoes', 'Onion', 'Mint', 'Olive oil', 'Lemon juice', 'Salt', 'Pepper']"
Irish Boxty (Potato Pancakes),"['Potatoes (raw and mashed)', 'Flour', 'Baking soda', 'Buttermilk', 'Butter', 'Salt', 'Pepper']"
Argentine Carbonada Criolla (Beef and Vegetable Stew),"['Beef (stewing)', 'Potatoes', 'Sweet potatoes', 'Corn', 'Squash', 'Onion', 'Bell pepper', 'Tomatoes', 'Beef broth', 'Olive oil', 'Spices', 'Parsley']"
Thai Panang Curry with Chicken,"['Panang curry paste', 'Coconut milk', 'Chicken thighs', 'Bell peppers', 'Green beans', 'Fish sauce', 'Sugar', 'Kaffir lime leaves', 'Vegetable oil', 'Peanuts (optional)']"
Korean Japchae (Glass Noodles with Vegetables and Beef),"['Glass noodles (dangmyeon)', 'Beef sirloin (thinly sliced)', 'Carrots', 'Spinach', 'Onion', 'Mushrooms', 'Soy sauce', 'Sesame oil', 'Sugar', 'Garlic', 'Sesame seeds', 'Vegetable oil']"
"Italian Carbonara (Pasta with Eggs, Cheese, Bacon)","['Spaghetti', 'Eggs', 'Pecorino Romano cheese', 'Guanciale (or pancetta/bacon)', 'Black pepper', 'Salt']"
Mexican Tamales with Chicken and Salsa Verde,"['Masa harina', 'Chicken (shredded)', 'Chicken broth', 'Lard or vegetable shortening', 'Baking powder', 'Salt', 'Corn husks', 'Green salsa (tomatillos, chili peppers, onion, cilantro, garlic)']"
French Crêpes Suzette (Pancakes with Orange Butter Sauce),"['Flour', 'Eggs', 'Milk', 'Butter', 'Sugar', 'Orange juice', 'Orange zest', 'Grand Marnier or other orange liqueur']"
Greek Pastitsio (Baked Pasta with Meat Sauce and Bechamel),"['Pasta (penne or ziti)', 'Ground beef or lamb', 'Onion', 'Garlic', 'Tomato paste', 'Red wine', 'Cinnamon', 'Allspice', 'Bay leaf', 'Bechamel sauce (milk, butter, flour, nutmeg, cheese)', 'Olive oil', 'Salt', 'Pepper']"
Swedish Semlor (Cardamom Buns with Almond Paste and Cream),"['Wheat flour', 'Milk', 'Butter', 'Sugar', 'Yeast', 'Cardamom', 'Almond paste', 'Heavy cream', 'Powdered sugar']"
Ethiopian Tibs (Sautéed Meat with Vegetables),"['Beef or lamb (cubed)', 'Onion', 'Bell peppers', 'Tomato', 'Garlic', 'Ginger', 'Berbere spice blend', 'Vegetable oil', 'Rosemary']"
Nigerian Moi Moi (Steamed Bean Pudding),"['Black-eyed peas', 'Onion', 'Bell peppers', 'Scotch bonnet pepper', 'Vegetable oil', 'Fish or vegetable broth', 'Seasoning cubes', 'Eggs (optional)']"
Peruvian Anticuchos de Corazón (Grilled Beef Heart Skewers),"['Beef heart', 'Panca pepper paste', 'Vinegar', 'Garlic', 'Cumin', 'Oregano', 'Vegetable oil', 'Salt', 'Pepper', 'Potatoes or corn (for serving)']"
Argentinian Alfajores (Shortbread Cookies with Dulce de Leche),"['Flour', 'Cornstarch', 'Sugar', 'Butter', 'Egg yolks', 'Baking powder', 'Vanilla extract', 'Dulce de leche', 'Powdered sugar']"
Australian Pavlova (Meringue Dessert with Fruit),"['Egg whites', 'Sugar', 'Cornstarch', 'Vinegar', 'Vanilla extract', 'Whipped cream', 'Fresh fruit (berries, kiwi, passion fruit)']"
Hawaiian Kalua Pig (Slow-Cooked Shredded Pork),"['Pork shoulder', 'Liquid smoke (optional)', 'Sea salt']"
Japanese Miso Soup with Tofu and Seaweed,"['Dashi (fish stock)', 'Miso paste', 'Tofu (cubed)', 'Wakame seaweed', 'Scallions']"
Vietnamese Bun Cha (Grilled Pork with Noodles and Herbs),"['Pork belly and patties', 'Rice vermicelli', 'Lettuce', 'Mint', 'Cilantro', 'Pickled carrots and daikon', 'Nuoc cham dipping sauce (fish sauce, lime juice, sugar, water, garlic, chili)']"
Spanish Churros with Chocolate Sauce,"['Flour', 'Water', 'Salt', 'Vegetable oil (for frying)', 'Sugar', 'Cinnamon', 'Dark chocolate', 'Milk']"
Moroccan Tanjia (Slow-Cooked Meat in a Clay Pot),"['Beef or lamb (stewing)', 'Saffron', 'Ginger', 'Cumin', 'Turmeric', 'Preserved lemons', 'Olive oil', 'Water']"
Brazilian Brigadeiros (Chocolate Fudge Balls),"['Sweetened condensed milk', 'Cocoa powder', 'Butter', 'Chocolate sprinkles']"
"American Gumbo with Chicken, Sausage, and Shrimp","['Chicken', 'Andouille sausage', 'Shrimp', 'Okra', 'Onion', 'Bell peppers', 'Celery', 'Tomatoes', 'Chicken broth', 'Dark roux (flour and oil)', 'Creole seasoning', 'Bay leaf', 'Rice (for serving)']"
Jamaican Curry Goat with Rice and Peas,"['Goat meat (cubed)', 'Curry powder', 'Onion', 'Garlic', 'Ginger', 'Scotch bonnet pepper', 'Thyme', 'Allspice', 'Potatoes', 'Carrots', 'Coconut milk', 'Rice', 'Kidney beans', 'Scallions', 'Vegetable oil']"
Lebanese Manakeesh (Flatbread with Za'atar or Cheese),"['Flour', 'Yeast', 'Sugar', 'Salt', 'Olive oil', 'Water', ""Za'atar spice blend (sesame seeds, sumac, thyme)"", 'Cheese (Akawi or mozzarella)']"
Irish Soda Bread,"['Flour', 'Baking soda', 'Salt', 'Buttermilk', 'Raisins or caraway seeds (optional)']"
Argentine Flan with Dulce de Leche,"['Eggs', 'Milk', 'Sugar', 'Vanilla extract', 'Dulce de leche']"
Thai Tom Yum Soup with Shrimp,"['Shrimp', 'Lemongrass', 'Galangal', 'Kaffir lime leaves', 'Chili peppers', 'Fish sauce', 'Lime juice', 'Mushrooms', 'Tomatoes', 'Onion', 'Cilantro', 'Vegetable broth']"
Korean Tteokbokki (Spicy Rice Cakes),"['Rice cakes (tteok)', 'Gochujang (chili paste)', 'Gochugaru (chili powder)', 'Fish cakes', 'Onion', 'Scallions', 'Cabbage', 'Sesame seeds', 'Vegetable broth']"
Italian Tiramisu (Coffee-Flavored Dessert),"['Ladyfingers', 'Espresso', 'Mascarpone cheese', 'Eggs', 'Sugar', 'Cocoa powder', 'Coffee liqueur (optional)']"
Mexican Chiles Rellenos (Stuffed Poblano Peppers),"['Poblano peppers', 'Cheese (Monterey Jack or Oaxaca)', 'Flour', 'Eggs', 'Milk', 'Salt', 'Vegetable oil', 'Tomato sauce (optional)']"
French Soupe à l'Oignon Gratinée (French Onion Soup with Cheese Croutons),"['Onions', 'Butter', 'Olive oil', 'Dry white wine', 'Beef broth', 'Thyme', 'Bay leaf', 'French bread slices', 'Gruyere cheese']"
Greek Baklava (Sweet Pastry with Nuts and Syrup),"['Phyllo dough', 'Walnuts', 'Almonds', 'Cinnamon', 'Butter', 'Sugar', 'Honey', 'Water', 'Lemon juice']"
Swedish Fika (Coffee Break with Pastries),"['Coffee', 'Cinnamon buns (kanelbullar)', 'Cardamom buns (kardemummabullar)', 'Cookies (småkakor)']"
Ethiopian Kitfo (Minced Raw Beef with Spices and Butter),"['Beef (lean, minced)', 'Mitmita (chili powder blend)', 'Niter kibbeh (spiced clarified butter)', 'Cardamom', 'Salt']"
Nigerian Puff Puff (Deep-Fried Dough Balls),"['Flour', 'Sugar', 'Yeast', 'Water', 'Vegetable oil (for frying)']"
Peruvian Arroz con Pollo (Rice with Chicken),"['Rice', 'Chicken pieces', 'Onion', 'Garlic', 'Peas', 'Carrots', 'Cilantro', 'Chicken broth', 'Vegetable oil', 'Aji amarillo paste (optional)']"
Argentinian Choripan (Chorizo Sandwich),"['Chorizo sausage', 'Crusty bread roll', 'Chimichurri sauce']"
Australian Tim Tam Slam (Chocolate Biscuits with Hot Drink),"['Tim Tam biscuits', 'Hot chocolate or coffee']"
Hawaiian Haupia (Coconut Milk Pudding),"['Coconut milk', 'Cornstarch', 'Sugar', 'Water']"
Japanese Sushi Rolls (Various Types),"['Sushi rice', 'Nori seaweed', 'Various fillings (fish, vegetables, avocado, etc.)', 'Soy sauce', 'Wasabi', 'Pickled ginger']"
Vietnamese Summer Rolls with Peanut Sauce,"['Rice paper', 'Shrimp', 'Pork (optional)', 'Rice vermicelli', 'Lettuce', 'Mint', 'Cilantro', 'Bean sprouts', 'Peanut sauce (peanut butter, hoisin, lime, water, sugar, chili)']"
Spanish Seafood Paella,"['Rice', 'Shrimp', 'Mussels', 'Clams', 'Calamari', 'Onion', 'Bell peppers', 'Tomatoes', 'Garlic', 'Saffron', 'Olive oil', 'Fish broth', 'Parsley']"
Moroccan Mint Tea,"['Green tea', 'Fresh mint leaves', 'Sugar', 'Hot water']"
Brazilian Coxinha (Chicken Croquettes),"['Shredded chicken', 'Wheat flour', 'Chicken broth', 'Onion', 'Butter', 'Eggs', 'Breadcrumbs', 'Vegetable oil (for frying)']"
American Apple Pie,"['Flour', 'Butter', 'Sugar', 'Salt', 'Apples', 'Cinnamon', 'Nutmeg', 'Egg wash']"
Jamaican Bammy (Cassava Flatbread),"['Cassava flour', 'Salt', 'Water', 'Coconut milk or oil (optional)']"
Lebanese Hummus with Pita Bread,"['Chickpeas', 'Tahini', 'Lemon juice', 'Garlic', 'Olive oil', 'Salt', 'Water', 'Pita bread']"
Irish Stew with Lamb and Vegetables,"['Lamb (stewing)', 'Potatoes', 'Carrots', 'Onion', 'Celery', 'Beef or lamb broth', 'Thyme', 'Bay leaf', 'Parsley', 'Salt', 'Pepper']"
Argentine Dulce de Leche (Caramel Spread),"['Milk', 'Sugar', 'Vanilla extract', 'Baking soda (optional)']"
Thai Red Curry with Beef,"['Red curry paste', 'Coconut milk', 'Beef (sliced)', 'Bamboo shoots', 'Bell peppers', 'Thai basil', 'Fish sauce', 'Sugar', 'Vegetable oil', 'Lime leaves']"
Korean Kimchi Jjigae (Kimchi Stew),"['Kimchi', 'Pork belly or tofu', 'Onion', 'Scallions', 'Gochujang (chili paste)', 'Gochugaru (chili powder)', 'Soy sauce', 'Sesame oil', 'Garlic', 'Water or anchovy broth']"
Italian Pesto Genovese with Trofie Pasta,"['Trofie pasta', 'Fresh basil', 'Pine nuts', 'Garlic', 'Parmesan cheese', 'Pecorino Sardo cheese', 'Olive oil', 'Salt']"
Mexican Chicken Fajitas with Bell Peppers and Onions,"['Chicken breast (sliced)', 'Bell peppers (various colors)', 'Onion (sliced)', 'Flour tortillas', 'Salsa', 'Sour cream', 'Guacamole', 'Lime juice', 'Chili powder', 'Cumin', 'Vegetable oil']"
French Quiche Lorraine (Bacon and Cheese Tart),"['Shortcrust pastry', 'Bacon', 'Eggs', 'Cream', 'Milk', 'Gruyere cheese', 'Onion', 'Nutmeg', 'Salt', 'Pepper']"
Greek Dolmades (Stuffed Grape Leaves with Rice and Herbs),"['Grape leaves', 'Rice', 'Ground beef or lamb (optional)', 'Onion', 'Fresh herbs (parsley, mint, dill)', 'Olive oil', 'Lemon juice', 'Vegetable broth', 'Salt', 'Pepper']"
Swedish Pea Soup with Pork and Pancakes,"['Yellow split peas', 'Smoked pork', 'Onion', 'Mustard', 'Thyme', 'Vegetable broth', 'Pancakes (flour, eggs, milk, butter, sugar)']"
Ethiopian Gomen (Collard Greens with Spices),"['Collard greens', 'Onion', 'Garlic', 'Ginger', 'Vegetable oil', 'Spices (turmeric, cumin, coriander)', 'Green chili (optional)']"
Nigerian Jollof Rice with Beef,"['Rice', 'Beef (cubed)', 'Tomato paste', 'Tomatoes', 'Onion', 'Scotch bonnet pepper', 'Vegetable oil', 'Curry powder', 'Thyme', 'Bay leaf', 'Beef broth']"
Peruvian Papa a la Huancaína (Potatoes with Cheese Sauce),"['Potatoes', 'Queso fresco (fresh cheese)', 'Aji amarillo peppers', 'Milk', 'Vegetable oil', 'Salt', 'Crackers or bread (optional)', 'Olives', 'Hard-boiled eggs']"
Argentinian Provoleta (Grilled Provolone Cheese),"['Provolone cheese wheel', 'Olive oil', 'Oregano', 'Red pepper flakes (optional)']"
Australian Meat Pies,"['Shortcrust pastry', 'Ground beef', 'Onion', 'Carrots', 'Celery', 'Beef broth', 'Worcestershire sauce', 'Tomato paste', 'Flour', 'Egg (for wash)']"
Hawaiian Chicken Long Rice,"['Chicken (shredded)', 'Long rice (cellophane noodles)', 'Chicken broth', 'Ginger', 'Onion', 'Soy sauce', 'Green onions']"
Japanese Tempura (Deep-Fried Seafood and Vegetables),"['Shrimp', 'Assorted vegetables (sweet potato, eggplant, green beans, etc.)', 'Tempura batter (flour, egg, cold water)', 'Dipping sauce (soy sauce, dashi, mirin)']"
Vietnamese Banh Xeo (Crispy Savory Crepes),"['Rice flour', 'Coconut milk', 'Turmeric powder', 'Water', 'Shrimp', 'Pork belly (optional)', 'Bean sprouts', 'Onion', 'Mung beans', 'Lettuce', 'Mint', 'Nuoc cham dipping sauce']"
Spanish Gambas al Ajillo (Garlic Shrimp),"['Shrimp', 'Garlic', 'Olive oil', 'Dried red chili flakes', 'Parsley', 'Salt']"
French Shallots Sauté,"['thyme', 'cream', 'butter', 'garlic']"
Peruvian SweetPotato Bowl,"['sweet potato', 'aji amarillo', 'corn', 'cilantro']"
Swedish Lingonberries Wrap,"['potatoes', 'lingonberries', 'cream', 'salmon']"
Italian Mozzarella Rolls,"['garlic', 'pasta', 'olive oil', 'mozzarella']"
Australian Lamb Delight,"['barley', 'egg', 'lamb', 'beetroot']"
Japanese Tofu Feast,"['mirin', 'sushi rice', 'rice vinegar', 'ginger', 'wasabi', 'nori', 'soy sauce']"
Swedish Salmon Wrap,"['cream', 'potatoes', 'lingonberries', 'salmon', 'dill']"
Swedish Potatoes Delight,"['potatoes', 'lingonberries', 'salmon', 'cream']"
Brazilian Beef Curry,"['cassava', 'rice', 'beef', 'orange', 'collard greens']"
Australian Egg Stew,"['lamb', 'pineapple', 'barley', 'beetroot']"
Mexican ChiliPowder Medley,"['tortillas', 'corn', 'chili powder', 'beans']"
Ethiopian SpicedButter Medley,"['lentils', 'spiced butter', 'berbere', 'injera', 'collard greens']"
Nigerian Okra Stew,"['egusi', 'cassava', 'plantains', 'yams', 'okra']"
Polynesian Breadfruit Medley,"['fish', 'taro', 'banana', 'breadfruit', 'coconut milk']"
Japanese Miso Medley,"['ginger', 'mirin', 'miso', 'sushi rice', 'wasabi', 'nori']"
Ethiopian SpicedButter Wrap,"['injera', 'lentils', 'berbere', 'collard greens']"
Korean Scallions Wrap,"['garlic', 'gochujang', 'kimchi', 'sesame oil', 'soy sauce', 'scallions']"
Spanish Rice Stew,"['rice', 'chorizo', 'peppers', 'saffron', 'paprika', 'olive oil']"
Argentinian Chimichurri Wrap,"['beef', 'chimichurri', 'garlic', 'oregano', 'red wine']"
Japanese Miso Wrap,"['wasabi', 'mirin', 'ginger', 'sushi rice', 'nori']"
Peruvian AjiAmarillo Feast,"['cilantro', 'lime', 'corn', 'aji amarillo']"
Swedish Lingonberries Medley,"['lingonberries', 'potatoes', 'dill', 'cream']"
Thai Galangal Medley,"['coconut milk', 'basil', 'fish sauce', 'peanuts', 'lemongrass', 'lime']"
Chinese Five-Spice Delight,"['five-spice', 'bok choy', 'rice wine', 'garlic', 'scallions', 'soy sauce']"
Nigerian PalmOil Curry,"['yams', 'plantains', 'cassava', 'palm oil', 'egusi']"
Thai Lime Grill,"['lime', 'basil', 'lemongrass', 'peanuts', 'chili', 'fish sauce', 'galangal']"
Korean Scallions Delight,"['garlic', 'sesame oil', 'soy sauce', 'gochujang', 'kimchi', 'scallions']"
Nigerian Cassava Feast,"['palm oil', 'okra', 'egusi', 'cassava', 'yams', 'plantains']"
American Corn Curry,"['bacon', 'beef', 'mustard', 'corn', 'cheddar']"
Brazilian BlackBeans Curry,"['black beans', 'cassava', 'collard greens', 'orange', 'rice']"
